Marker,3,7,10,12,13,14,17,42,44,71,72,82,84,104,118,119,152,186,202,228,234,240,248,251,253,262,267,271,276,279,280,282,284,287,296,307,310,317,324,336,337,339,348,405,418,420,424,426,432,444,447,467,478,481,490,508,518,522,525,541,555,556,564,579,580,584,590,OSR14,172,263,277,408,504,523,51,135,312,16,85,87,207,212,227,246,247,266,293,315,322,406,434,515,141,192,412,439,494,519,24,501
E-1,A,A,A,A,A,A,A,A,A,A,A,A,A,A,A,A,A,A,A,A,A,A,A,A,A,A,A,A,A,A,A,A,A,A,A,A,A,A,A,A,A,A,A,A,A,A,A,A,A,A,A,A,A,A,A,A,A,A,A,A,A,A,A,A,A,A,A,A,B,B,B,B,B,B,H,H,H,A,A,A,A,A,A,A,A,A,A,A,A,A,A,A,B,B,B,B,B,B,D,B
E-2,A,A,A,A,A,A,A,A,A,A,A,A,A,A,A,A,A,A,A,A,A,A,A,A,A,A,A,A,A,A,A,A,A,A,A,A,A,A,A,A,A,A,A,A,A,A,A,A,A,A,A,A,A,A,A,A,A,A,A,A,A,A,A,A,A,A,A,A,A,A,A,A,A,A,A,A,A,B,B,B,B,B,B,B,B,B,B,B,B,B,B,B,B,B,B,B,B,B,B,H
E-3,A,A,A,A,A,A,A,A,A,A,A,A,A,A,A,A,B,A,A,A,A,B,B,A,A,A,A,B,A,A,A,A,A,A,A,B,A,A,A,A,B,A,A,A,A,B,A,A,A,A,A,A,A,A,H,A,A,A,B,A,A,A,A,A,A,A,A,A,B,B,B,B,H,A,H,A,A,A,B,A,A,A,A,B,A,A,A,A,A,A,A,A,A,A,A,A,A,B,A,A
E-4,A,A,A,A,A,A,A,A,A,A,A,A,A,A,A,A,A,A,A,A,A,A,A,A,A,A,A,A,A,A,A,A,A,A,A,A,A,A,A,A,A,A,A,A,A,A,A,A,A,A,A,A,A,A,A,A,A,A,A,A,A,A,A,A,A,A,A,A,B,A,B,A,A,A,A,A,A,A,B,B,B,B,B,H,B,A,B,B,B,B,B,A,B,A,B,B,B,A,A,A
E-5,B,A,A,A,A,A,A,B,A,A,A,A,A,A,A,B,A,A,A,A,A,A,B,A,A,A,A,A,A,A,B,A,A,A,A,B,A,B,A,A,A,A,B,A,A,B,A,A,A,A,A,A,A,A,A,A,B,A,A,B,A,A,A,A,A,A,A,A,B,A,B,A,A,A,A,A,A,A,B,A,A,A,A,H,A,A,A,A,A,A,B,A,A,A,A,A,A,B,A,A
E-6,B,B,A,A,A,A,A,B,A,A,A,A,A,A,A,B,A,A,A,A,A,A,B,A,A,A,A,A,A,A,A,B,A,A,A,A,A,A,A,A,A,B,A,A,A,B,A,A,A,A,A,A,A,A,A,A,B,A,A,B,A,A,A,A,A,A,A,A,B,A,A,A,A,A,A,A,A,A,A,A,B,A,A,B,A,B,A,A,A,B,B,B,A,A,A,A,A,A,H,A
E-7,B,B,A,A,A,A,A,B,A,A,A,A,A,A,A,A,A,A,A,A,A,A,B,A,A,A,A,A,A,A,A,B,A,A,A,C,A,A,A,A,A,B,A,A,A,B,A,A,A,A,A,A,A,A,A,A,B,A,A,B,A,A,A,A,A,A,A,A,B,A,A,A,A,A,A,A,A,A,A,A,B,A,A,B,A,B,A,A,A,B,B,B,A,A,A,A,A,A,A,A
E-8,B,A,A,A,A,A,A,B,A,A,A,A,A,A,A,A,B,A,A,A,A,A,A,A,A,A,A,A,A,A,H,A,A,C,A,A,A,B,A,A,A,A,H,A,A,A,A,A,A,A,A,A,A,A,A,A,A,A,A,B,A,A,B,A,A,A,A,A,A,A,B,B,A,A,A,A,A,C,A,A,A,A,C,A,A,A,A,A,A,A,A,A,A,A,A,A,A,B,A,A
E-9,A,A,A,A,A,A,A,A,A,A,A,A,A,A,A,A,A,A,A,A,A,A,A,A,A,A,A,A,A,A,A,A,A,C,A,A,A,A,A,A,A,A,A,A,A,A,A,A,A,A,A,A,A,A,A,A,A,A,A,A,A,A,B,A,A,A,A,A,A,A,B,A,A,A,A,A,A,B,B,B,B,B,B,A,B,A,B,B,A,B,B,A,B,A,B,B,B,B,A,H
E-10,A,A,A,A,A,A,A,A,A,A,A,A,A,A,A,A,A,A,B,A,A,A,A,A,A,A,A,A,A,A,A,A,A,B,A,A,A,A,A,A,A,A,A,A,A,A,A,A,A,A,A,A,A,A,A,A,A,A,A,A,A,A,A,A,A,A,A,A,A,A,B,A,A,A,A,H,A,A,B,B,A,B,B,B,B,A,B,B,B,A,A,A,B,B,B,B,B,B,H,A
E-11,C,A,A,A,A,A,A,A,A,A,A,A,A,A,A,A,A,A,A,A,A,A,A,A,A,A,A,A,A,A,A,A,A,A,A,A,A,A,A,A,A,B,A,A,A,A,A,A,A,A,A,A,A,A,A,A,A,A,A,A,A,A,A,A,A,A,A,A,A,A,B,A,A,A,A,A,A,A,B,B,B,B,C,A,B,B,B,B,B,B,B,B,B,A,B,B,B,A,A,A
E-12,A,B,A,A,A,A,A,B,B,A,A,A,A,A,B,B,A,A,A,A,A,A,A,B,B,A,A,A,B,A,A,B,B,A,A,A,A,A,A,A,B,B,A,A,A,A,A,A,A,A,A,A,A,A,A,A,B,A,A,A,A,B,A,A,A,A,A,A,B,A,A,A,A,A,A,A,A,A,A,A,B,A,A,B,A,C,A,A,A,B,A,A,A,A,A,A,A,A,A,A
E-13,C,A,A,A,A,A,A,B,A,A,A,A,A,A,A,A,B,A,A,B,A,A,A,A,A,A,A,A,A,A,A,A,C,A,A,A,A,A,A,A,A,A,A,A,A,A,A,A,A,A,A,A,A,A,A,A,A,A,A,B,A,A,A,A,A,A,B,A,A,A,B,B,A,A,H,A,A,A,B,A,A,A,A,A,A,A,A,A,A,A,A,A,A,A,A,A,A,B,A,A
E-14,B,A,A,A,A,A,A,A,A,A,A,A,A,A,A,A,A,A,A,A,A,A,A,A,A,A,A,A,A,A,A,A,C,A,A,A,A,B,A,A,A,A,A,A,A,A,A,A,A,A,A,A,A,A,A,A,A,A,A,B,A,A,A,A,A,A,A,A,A,A,B,B,A,A,H,A,A,A,B,A,A,A,A,A,A,A,A,A,A,A,A,A,A,A,A,A,A,B,A,A
E-15,A,B,A,A,A,A,A,A,A,A,A,A,A,A,A,A,A,A,A,A,A,A,A,B,A,A,A,A,A,A,A,B,C,B,A,A,A,A,A,A,A,A,A,A,A,A,A,A,A,A,A,A,A,A,A,A,A,A,A,A,A,A,A,A,A,A,A,A,A,A,A,A,B,B,A,A,A,A,A,A,A,A,A,A,A,A,A,A,A,A,A,A,B,A,A,B,B,A,A,A
E-16,B,A,A,A,A,A,A,A,C,A,A,A,A,A,A,B,A,A,A,B,A,A,A,A,B,A,A,A,B,A,A,A,C,C,A,B,A,A,A,A,A,A,A,A,A,A,A,A,A,A,A,A,A,A,A,A,B,A,A,B,A,A,A,A,A,A,B,A,A,A,B,A,A,A,A,A,A,A,C,A,A,A,C,A,A,A,A,A,A,A,A,A,A,A,A,A,A,B,A,A
E-17,B,A,A,A,A,A,A,B,A,A,A,A,A,A,A,B,A,A,A,H,A,A,A,A,A,A,A,A,H,A,H,A,C,A,A,B,A,B,A,A,A,B,H,A,A,A,A,A,A,A,A,A,A,A,A,A,B,A,A,B,A,A,A,A,A,A,A,A,A,A,B,H,A,A,A,A,A,C,C,A,A,A,A,A,A,A,A,A,A,A,A,A,A,A,A,A,A,B,A,A
E-18,B,A,A,A,A,A,A,A,A,A,A,A,A,A,A,A,A,A,A,A,A,A,A,A,A,A,A,A,A,A,H,A,C,C,A,A,A,B,A,A,A,A,H,A,A,A,A,A,A,A,A,A,A,A,A,A,A,A,A,B,A,A,A,A,A,A,A,A,A,A,B,B,A,A,A,A,A,A,H,A,A,A,C,A,A,C,A,A,A,A,A,A,A,A,A,A,A,C,A,A
E-19,B,B,A,A,A,A,A,A,B,A,A,A,A,A,A,A,A,A,A,A,A,A,A,A,B,A,A,A,B,A,A,B,C,C,A,A,A,A,A,A,A,A,A,A,A,A,A,A,A,A,A,A,A,A,A,A,A,A,A,B,A,A,A,A,A,A,A,A,A,A,A,A,A,A,A,A,A,A,A,A,B,A,A,A,A,C,A,A,A,B,B,A,A,A,A,A,A,A,A,A
E-20,B,A,A,A,B,A,A,A,A,A,A,A,A,A,A,A,B,A,A,H,A,A,A,A,A,A,A,A,A,A,B,A,A,C,A,A,A,B,A,A,A,A,B,A,A,A,A,A,A,A,A,A,A,A,A,A,A,A,A,B,A,A,A,A,A,A,B,A,A,A,B,B,A,A,A,A,A,A,B,A,A,A,C,A,A,C,A,A,A,A,A,A,A,A,A,A,A,C,A,A

