"Genotype","M1","M2","M3","M4","M5","M6","M7","M8","M9","M10","M11","M12","M13","M14","M15","M16","M17","M18","M19","M20","M21","M22","M23","M24","M25","M26","M27","M28","M29","M30","M31","M32","M33","M34","M35","M36","M37","M38","M39","M40","M41","M42","M43","M44","M45","M46","M47","M48","M49","M50"
"GEN1","A","H","A","A","A","B","A","B","H","B","A","B","A","B","A","A","A","A","A","A","A","A","A","A","A","A","A","A","A","H","A","A","A","B","A","A","A","A","A","A","B","B","B","A","A","H","A","B","B","A"
"GEN2","A","B","A","B","B","A","H","A","A","B","A","A","B","H","A","A","A","B","B","A","A","A","A","A","B","A","A","A","H","H","A","A","B","A","A","A","A","A","A","A","A","A","A","B","A","A","A","A","A","A"
"GEN3","B","B","A","A","B","A","A","A","B","A","A","A","A","A","A","A","A","B","A","H","B","A","A","A","A","A","A","B","B","B","B","A","A","H","A","B","A","A","A","A","A","A","A","B","A","B","H","B","A","A"
"GEN4","B","A","A","A","A","B","A","A","H","A","A","A","A","A","A","A","A","A","A","A","H","A","A","A","A","B","A","B","A","A","B","A","A","B","A","A","B","A","B","B","A","A","A","A","B","A","A","B","B","A"
"GEN5","A","B","A","A","A","B","B","A","A","A","H","A","A","B","A","H","B","B","B","A","B","A","A","A","B","A","A","H","A","A","B","A","A","B","A","A","B","A","A","A","B","B","A","A","B","B","A","A","B","A"
"GEN6","A","B","B","A","A","B","A","A","A","B","A","A","B","H","A","A","A","B","B","A","H","A","A","B","H","H","B","A","B","H","A","A","A","A","A","A","B","A","A","B","A","A","A","A","B","B","B","A","A","A"
"GEN7","A","A","A","A","B","A","A","B","A","B","A","A","A","B","A","B","B","B","A","B","A","A","A","A","A","A","B","B","H","A","B","A","B","A","B","A","B","B","A","B","A","H","A","B","B","H","A","A","A","H"
"GEN8","B","A","B","A","H","A","A","A","A","A","B","A","B","A","A","B","A","B","B","B","B","A","A","A","A","H","A","A","A","A","H","A","A","A","B","A","B","A","A","A","A","A","A","B","B","A","A","A","B","B"
"GEN9","B","A","A","B","A","B","A","H","A","B","H","H","B","H","B","B","A","A","A","H","B","A","B","A","A","A","A","A","H","H","A","A","B","B","B","H","A","H","B","B","A","A","H","H","A","A","A","A","B","A"
"GEN10","B","A","A","A","H","A","B","A","H","H","B","B","B","B","A","B","B","A","A","A","B","A","A","B","A","B","A","B","A","A","A","A","B","H","A","B","B","A","B","A","A","B","A","A","A","B","A","A","A","A"
"GEN11","B","B","B","B","A","A","A","H","A","A","A","B","A","B","B","A","A","H","B","A","A","A","B","A","A","A","A","A","A","A","A","H","A","A","A","A","A","A","A","A","B","A","A","A","A","A","A","B","A","A"
"GEN12","H","B","A","A","B","B","B","A","B","A","A","B","B","B","B","B","B","A","H","A","A","A","H","A","A","B","A","A","A","A","B","A","B","A","H","A","B","B","B","A","A","H","B","H","A","A","A","B","B","A"
"GEN13","A","A","B","A","A","B","A","B","A","B","H","H","A","A","A","A","A","A","H","B","A","A","A","A","B","A","A","A","B","A","A","A","A","A","A","H","A","A","A","A","A","A","B","A","B","B","A","A","H","A"
"GEN14","A","A","A","A","A","A","A","A","B","A","A","H","B","A","A","B","A","A","B","A","A","A","B","B","A","H","A","H","A","A","A","A","H","A","A","B","A","A","B","B","H","A","B","A","A","B","A","A","A","A"
"GEN15","B","B","A","A","A","A","A","H","A","A","A","B","A","A","B","A","A","B","A","A","B","H","B","A","B","A","A","A","A","B","H","B","A","A","B","A","A","A","H","A","A","H","B","A","A","B","A","A","B","A"
